{
	"info": {
		"_postman_id": "ee0bd1f8-d23a-4a95-b121-9db8ba7bf9e5",
		"name": "monumentos",
		"schema": "https://schema.getpostman.com/json/collection/v2.1.0/collection.json",
		"_exporter_id": "38617679"
	},
	"item": [
		{
			"name": "localhost:8080/api/monumentos/1",
			"request": {
				"method": "POST",
				"header": [],
				"body": {
					"mode": "raw",
					"raw": "{\r\n    \"id\": 5,\r\n    \"codigoPais\": \"ES\",\r\n    \"nombrePais\": \"España\",\r\n    \"nombreCiudad\": \"Sevilla\",\r\n    \"latitud\": 40.416775,\r\n    \"longitud\": -3.70379,\r\n    \"nombreMonumento\": \"Torre del Oro\",\r\n    \"descripcion\": \"Un famoso punto de referencia en Sevilla.\",\r\n    \"url\": \"http://example.com/torre_del_oro.jpg\"\r\n  }",
					"options": {
						"raw": {
							"language": "json"
						}
					}
				},
				"url": {
					"raw": "localhost:8080/monumentos/",
					"host": [
						"localhost"
					],
					"port": "8080",
					"path": [
						"monumentos",
						""
					]
				}
			},
			"response": []
		},
		{
			"name": "localhost:8080/api/monumentos/1",
			"request": {
				"method": "GET",
				"header": [],
				"url": {
					"raw": "localhost:8080/monumentos/1",
					"host": [
						"localhost"
					],
					"port": "8080",
					"path": [
						"monumentos",
						"1"
					]
				}
			},
			"response": []
		},
		{
			"name": "localhost:8080/api/monumentos/edit/1",
			"request": {
				"method": "PUT",
				"header": [],
				"body": {
					"mode": "raw",
					"raw": "{\r\n    \"id\": 1,\r\n    \"codigoPais\": \"ES\",\r\n    \"nombrePais\": \"España\",\r\n    \"nombreCiudad\": \"Málaga\",\r\n    \"latitud\": 40.416775,\r\n    \"longitud\": -3.70379,\r\n    \"nombreMonumento\": \"La Rosaleda\",\r\n    \"descripcion\": \"Un famoso punto de referencia en Málaga.\",\r\n    \"url\": \"http://example.com/la_rosaleda.jpg\"\r\n  }",
					"options": {
						"raw": {
							"language": "json"
						}
					}
				},
				"url": {
					"raw": "localhost:8080/monumentos/1",
					"host": [
						"localhost"
					],
					"port": "8080",
					"path": [
						"monumentos",
						"1"
					]
				}
			},
			"response": []
		},
		{
			"name": "localhost:8080/api/monumentos/delete/1",
			"request": {
				"method": "DELETE",
				"header": [],
				"url": {
					"raw": "localhost:8080/monumentos/3",
					"host": [
						"localhost"
					],
					"port": "8080",
					"path": [
						"monumentos",
						"3"
					]
				}
			},
			"response": []
		},
		{
			"name": "localhost:8080/monumentos/?sortName=asc&maxLatitud=40",
			"request": {
				"method": "GET",
				"header": [],
				"url": {
					"raw": "localhost:8080/monumentos/?maxLatitude=400&sort=asc",
					"host": [
						"localhost"
					],
					"port": "8080",
					"path": [
						"monumentos",
						""
					],
					"query": [
						{
							"key": "maxLatitude",
							"value": "400"
						},
						{
							"key": "sort",
							"value": "asc"
						}
					]
				}
			},
			"response": []
		}
	]
}